image_path,text
dataset/images/1789484732.jpg,"आवश्यकता भी है। 'काफिले' शब्द सतत प्रक्रिया को समाने रखने के लिए गीत में आया है। यह देश के लिए दी जाने वाली कुर्बानियों की निरंतरता की ओर इशारा करता है। 
6) सर पर कफन बाँधना किस ओर संकेत करता है? 
इस गीत में कवि ने सैनिकों के संबोधन के साध्यम से देशवसियों को देश के लिए मर-मिटने की परंपरा की याद दिलाई है। कवि मानता है कि हमें कुर्बानियों के मार्ग को वीरान नहीं होने देना है। 
इसे ऐसे 'काफिले' सजाते रहने होंगे, जो देश के लिए बलिदान करने को सदैव तत्पर रहें, क्योंकि आजादी के बाद आजादी की सुरक्षा ही परम आवश्यक है। इसके लिए हर समय हमें सचेत रहते हुए, देश के अंदर तथा बाहर दुश्मनों को समाप्त करने के लिए मौत को गलाने हेतु सिर पर कफन बाँधकर तैयार रहना होगा और अब ये देश तुम्हारे हवाले है। तुम्हें ही इसकी सुरक्षा करनी है और शत्रु से बचाना है। मौत से भयभीत होने के स्थान पर उनके लिए सहर्ष तैयार होने की ओर गीत में संकेत है। अब इस गीत में 'सर पर कफन बाँधना' मुहावरे का प्रयोग देश के लिए मर-मिटने हेतु हमेशा तैयार रहने की मानसिकता का द्योतक है।"
dataset/images/1789485500.jpg,"जब जब दर्द का बादल छाया 
जब गम का साया लहराया
जब आँसू पलकों तक आया
जब ये तनहा दिल घबराया
हमने दिल को यह समझाया
दिल आखिर तू क्यों रोता है
दुनिया में यूं ही होता है
ये जो गहरे सन्नाटे हैं
वक्त ने सबको ही बांटे हैं 
थोड़ा गम है सबका हिस्सा
थोड़ी धूप है सबका हिस्सा
आँख तेरी बेकार ही नम है
हर पल एक नया मौसम है
क्यों तू ऐसे पल खोता है
दिल आखिर तू क्यों रोता है 

- जावेद अख्तर"
dataset/images/1789523312.jpg,"जिसे तुम भटकना कहती हो ना, ख्वाबिदा,
मैं उसे और जानने की तलाश कहता हूँ
एक दूसरे को जानने की तलाश 
मैं इस ज़मीन पे भटकता हूँ कितनी सदियों से
गिरा है वक्त से कटके ये लम्हा उसकी तरह
वतन मिला, तो गली के लिए भटकता रहा,
गली में घर का निशां ढूँढता रहा बरसों।
— गुलज़ार"
dataset/images/1789524581.jpg,"Date
“ रोजगार की चाहत ” 
खाली कंधो पर थोड़ा सा भार चाहिए
बेरोजगार हूँ साहब रोजगार चाहिए। 

जेब में पैसे नहीं हैं डिग्री लिए फिरता हूँ
दिनोदिनअपनी नज़रों में गिरता हूँ
कामयाबी के घर में खुले किवाड़ चाहिए
बेरोजगार हूँ साहब मुझे रोजगार चाहिए। 

Tolent की कमी नही है भारत की सड़को पर
दुनिया बदल देंगे भरोसा करो इन लड़कों पर
लिखते-लिखते मेरी कलम तक घिस गई
नौकरी कैसे मिले जब नौकरी ही बिक गई
नौकरी की प्रक्रिया में अब सुधार चाहिए
बेरोजगार हूँ साहब मुझे रोजगार चाहिए।। 

दिन रात करके मेहनत बहुत करता हूँ
सुखी रोटी खाकर ही चैन से पेट भरता हूँ
भ्रष्टाचार से लोग खूब नौकरी पा रहे है
रिश्वत की कमाई खूब मज़े से खा रहे हैं
नौकरी पाने के लिए यहां जुगाड़ चाहिए
बेरोजगार हूँ साहब मुझे रोजगार चाहिए।। 

“ युवा के अंतर्आत्मा की आवाज ”"
dataset/images/1789524722.jpg,"Date
“ रोजगार की चाहत ” 
खाली कंधो पर थोड़ा सा भार चाहिए
बेरोजगार हूँ साहब रोजगार चाहिए। 

जेब में पैसे नहीं हैं डिग्री लिए फिरता हूँ
दिनोदिनअपनी नज़रों में गिरता हूँ
कामयाबी के घर में खुले किवाड़ चाहिए
बेरोजगार हूँ साहब मुझे रोजगार चाहिए। 

Tolent की कमी नही है भारत की सड़को पर
दुनिया बदल देंगे भरोसा करो इन लड़कों पर
लिखते-लिखते मेरी कलम तक घिस गई
नौकरी कैसे मिले जब नौकरी ही बिक गई
नौकरी की प्रक्रिया में अब सुधार चाहिए
बेरोजगार हूँ साहब मुझे रोजगार चाहिए।। 

दिन रात करके मेहनत बहुत करता हूँ
सुखी रोटी खाकर ही चैन से पेट भरता हूँ
भ्रष्टाचार से लोग खूब नौकरी पा रहे है
रिश्वत की कमाई खूब मज़े से खा रहे हैं
नौकरी पाने के लिए यहां जुगाड़ चाहिए
बेरोजगार हूँ साहब मुझे रोजगार चाहिए।। 

“ युवा के अंतर्आत्मा की आवाज ”"
